number,moment,counterparty
00005,2026-01-04 13:52:00.000,Abbos aka NeoArt
00046,2025-05-09 14:01:00.000,Mobio shaxar
00047,2025-05-11 11:50:00.000,Ahmadulloh Andijon
00048,2025-05-11 11:51:00.000,Azamat Aka
00049,2025-05-11 12:38:00.000,Maxmut aka 197
00050,2025-05-15 15:37:00.000,Gopir Malika
00051,2025-05-15 15:39:00.000,Mobio dis
00052,2025-05-15 15:43:00.000,Shamsiddin aka Mobio
00053,2025-05-18 09:07:00.000,Ismoil Malika
00054,2025-05-18 09:10:00.000,Naxt savdo
00055,2025-05-19 12:56:00.000,Begzod Qarshi
00056,2025-05-19 12:58:00.000,XojiAkbar Andijon
00057,2025-05-19 13:09:00.000,Evro Jasur aka o'rikzor
00058,2025-05-19 13:38:00.000,Mobio dis
00059,2025-05-21 11:00:00.000,MirSodiq aka o'rizor
00060,2025-05-21 11:17:00.000,Azamat Aka
00100,2025-07-13 16:04:00.000,XojiAkbar Andijon
00101,2025-07-18 16:25:00.000,Ismoil Malika
00101,2026-04-24 13:48:00.000,Javlon Bloger
00102,2025-07-18 16:40:00.000,Qobil Mahalla
00103,2025-07-18 16:43:00.000,Ismoil Malika
00104,2025-07-22 00:25:00.000,XojiAkbar Andijon
00105,2025-07-22 00:27:00.000,Azamat Aka
00106,2025-07-22 00:30:00.000,SaidAhmad Margulon
00107,2025-07-22 00:43:00.000,Shamsiddin aka Mobio
00108,2025-07-24 19:18:00.000,Ahmadulloh Andijon
00109,2025-07-30 02:01:00.000,Evro Jasur aka o'rikzor
00110,2025-07-30 02:02:00.000,SP phone
00111,2025-07-30 02:03:00.000,Shamsiddin aka Mobio
00112,2025-08-03 07:05:00.000,Gopir Malika
00113,2025-08-03 07:11:00.000,BYZ Axad aka
00114,2025-08-04 22:59:00.000,XojiAkbar Andijon
00115,2025-08-08 15:41:00.000,Mobio dis
00116,2025-08-09 06:48:00.000,EL-Mobile
00117,2025-08-09 06:58:00.000,Shamsiddin aka Mobio
00118,2025-08-09 07:06:00.000,Ismoil Malika
00119,2025-08-09 07:09:00.000,Azamat Aka
00120,2025-08-14 15:27:00.000,Evro Jasur aka o'rikzor
00121,2025-08-14 15:27:00.000,SP phone
00122,2025-08-14 15:38:00.000,XojiAkbar Andijon
00123,2025-08-17 11:57:00.000,Shamsiddin aka Mobio
00124,2025-08-17 12:00:00.000,XojiAkbar Andijon
00125,2025-08-17 20:54:00.000,SP phone
00126,2025-08-20 15:24:00.000,EL-Mobile
00127,2025-08-23 18:10:00.000,Mobio dis
00128,2025-09-04 15:02:00.000,Ahmadulloh Andijon
00129,2025-09-04 15:09:00.000,SP phone
00130,2025-08-27 15:10:00.000,XojiAkbar Andijon
00131,2025-09-04 15:18:00.000,Naxt savdo
00132,2025-09-04 15:19:00.000,Murod olcha.uz
00133,2025-09-05 07:13:00.000,Shamsiddin aka Mobio
00134,2025-09-06 15:26:00.000,Shamsiddin aka Mobio
00135,2025-09-06 15:30:00.000,Mobio dis
00136,2025-09-06 15:31:00.000,Mobio dis
00137,2025-09-08 10:25:00.000,Ismoil Malika
00138,2025-09-08 15:49:00.000,Evro Jasur aka o'rikzor
00139,2025-09-09 14:22:00.000,Maxmut aka 197
00139,2026-06-08 08:18:00.000,Jasur Sergili
00140,2025-09-09 14:23:00.000,Maxmut aka 197
00141,2025-09-13 19:02:00.000,Ismoil Malika
00142,2025-09-13 19:03:00.000,Ismoil Malika
00143,2025-09-13 19:06:00.000,Shamsiddin aka Mobio
00144,2025-09-13 19:07:00.000,Maxmut aka 197
00145,2025-09-13 19:16:00.000,SP phone
00145,2026-06-09 08:33:00.000,Javlon Bloger
00147,2025-09-13 19:24:00.000,XojiAkbar Andijon
00148,2025-09-13 19:25:00.000,Shamsiddin aka Mobio
00149,2025-09-16 14:27:00.000,Sanjar Bo’ka
00149,2026-06-11 08:40:00.000,Hasan aka Dubai
00150,2025-09-24 14:31:00.000,Gopir Malika
00151,2025-09-24 14:32:00.000,Evro Jasur aka o'rikzor
00152,2025-09-24 14:44:00.000,Mobio dis
00153,2025-09-24 14:45:00.000,Shamsiddin aka Mobio
00154,2025-09-24 14:49:00.000,Shamsiddin aka Mobio
00155,2025-09-24 14:56:00.000,XojiAkbar Andijon
00156,2025-09-29 15:34:00.000,Mobio dis
00157,2025-10-01 20:51:00.000,Mobio dis
00158,2025-10-01 20:54:00.000,Ikrom Distrubitsiya
00159,2025-10-02 15:04:00.000,EL-Mobile
00160,2025-10-02 15:23:00.000,Azamat Aka
00161,2025-10-03 11:34:00.000,XojiAkbar Andijon
00162,2025-10-03 11:37:00.000,Azamat Aka
00163,2025-10-06 09:50:00.000,EL-Mobile
00164,2025-10-06 09:54:00.000,Ahmadulloh Andijon
00164,2026-06-24 10:48:00.000,Javlon Bloger
00165,2025-10-09 10:56:00.000,Gopir Malika
00166,2025-10-09 10:57:00.000,Azamat Aka
00167,2025-10-09 11:06:00.000,Azamat Aka
00168,2025-10-09 11:07:00.000,Abdulbori NEW
00169,2025-10-09 11:08:00.000,EL-Mobile
00173,2025-10-14 09:50:00.000,Ismoil Malika
00174,2025-10-16 10:23:00.000,Mobio dis
00182,2025-10-29 16:52:00.000,Shamsiddin aka Mobio
00183,2025-10-30 15:41:00.000,EL-Mobile
00184,2025-10-31 15:45:00.000,SP phone
00185,2025-11-01 15:54:00.000,Ahmadulloh Andijon
00186,2025-10-28 16:56:00.000,DONA MIJOZ
00187,2025-10-09 15:25:00.000,Shamsiddin aka Mobio
00188,2025-11-03 13:13:00.000,Shamsiddin aka Mobio
00189,2025-11-03 13:15:00.000,Ismoil Malika
00190,2025-11-04 13:16:00.000,Azamat Aka
00191,2025-11-04 13:19:00.000,Mobio dis
00192,2025-11-04 13:26:00.000,MUZAFFAR AKA ASKIYA BOZOR
00197,2025-11-14 15:27:00.000,Mobio dis
00198,2025-11-17 15:28:00.000,Ahmadulloh Andijon
00199,2025-11-18 15:29:00.000,Azamat Aka
00200,2025-11-18 15:30:00.000,Shamsiddin aka Mobio
00201,2025-11-24 17:43:00.000,Ismoil Malika
00204,2025-11-26 11:48:00.000,Azamat Aka
00205,2025-11-30 07:43:00.000,Shamsiddin aka Mobio
00206,2025-11-30 07:44:00.000,Ismoil Malika
00207,2025-12-01 07:47:00.000,XojiAkbar Andijon
00208,2025-12-02 08:10:00.000,Evro Jasur aka o'rikzor
